"timestamp","user.slice/user-99520.slice/user@99520.service/app.slice/app-\x2fusr\x2fbin\x2fkorgac-8fd079022f414a189c9618f2bf90e292.scope::memory.current","user.slice/user-99520.slice/user@99520.service/app.slice/app-\x2fusr\x2flib\x2fmozilla\x2fkmozillahelper-229440fc365d48349d769eee66bc6f91.scope::memory.current","user.slice/user-99520.slice/user@99520.service/app.slice/app-\x2fusr\x2flib\x2fmozilla\x2fkmozillahelper-424396059f004bbd825b22d3013c343d.scope::memory.current","user.slice/user-99520.slice/user@99520.service/app.slice/app-\x2fusr\x2flib\x2fmozilla\x2fkmozillahelper-6920ee07686c43a5912cf5498c89f198.scope::memory.current","user.slice/user-99520.slice/user@99520.service/app.slice/app-\x2fusr\x2flib\x2fmozilla\x2fkmozillahelper-99b6caad7a8d4b1da5221c5dcf5b37b2.scope::memory.current","user.slice/user-99520.slice/user@99520.service/app.slice/app-\x2fusr\x2flib\x2fmozilla\x2fkmozillahelper-c15d3fa7e54c487dad43a82dfa228f4d.scope::memory.current","user.slice/user-99520.slice/user@99520.service/app.slice/app-\x2fusr\x2flib\x2fmozilla\x2fkmozillahelper-e7de2ff17b834689ad178feed8725242.scope::memory.current","user.slice/user-99520.slice/user@99520.service/app.slice/app-\x2fusr\x2flib\x2fmozilla\x2fkmozillahelper-f850d986372948f59050e33d94205d61.scope::memory.current","user.slice/user-99520.slice/user@99520.service/app.slice/app-\x2fusr\x2flib\x2fmozilla\x2fkmozillahelper-fbafeab4ab0d4242886f9c473b657db3.scope::memory.current","user.slice/user-99520.slice/user@99520.service/app.slice/app-code-fda39f76d62f48cc98fe36303fd66b8b.scope::memory.current","user.slice/user-99520.slice/user@99520.service/app.slice/app-firefox-56677d05c1114b53b946b301503537ea.scope::memory.current","user.slice/user-99520.slice/user@99520.service/app.slice/app-libreoffice\x2dcalc-2844fe98c2554e1aa6217f17ed62ee95.scope::memory.current","user.slice/user-99520.slice/user@99520.service/app.slice/app-libreoffice\x2dcalc-49308d8c19504138a678b6f0724ac7ae.scope::memory.current","user.slice/user-99520.slice/user@99520.service/app.slice/app-libreoffice\x2dcalc-83c17d9e578b49d390eecdfad73ceeee.scope::memory.current","user.slice/user-99520.slice/user@99520.service/app.slice/app-org.gnome.Evolution-2bc75e6dfb9147d69c1bb21f583faa12.scope::memory.current","user.slice/user-99520.slice/user@99520.service/app.slice/app-org.kde.dolphin-ce7e37022a014bfdaffbbcf211683a61.scope::memory.current","user.slice/user-99520.slice/user@99520.service/app.slice/app-org.kde.konsole-40028973a9844b66a204587b06d23070.scope::memory.current","user.slice/user-99520.slice/user@99520.service/app.slice/at-spi-dbus-bus.service::memory.current","user.slice/user-99520.slice/user@99520.service/app.slice/dbus.service::memory.current","user.slice/user-99520.slice/user@99520.service/app.slice/dbus.socket::memory.current","user.slice/user-99520.slice/user@99520.service/app.slice/dconf.service::memory.current","user.slice/user-99520.slice/user@99520.service/app.slice/evolution-addressbook-factory.service::memory.current","user.slice/user-99520.slice/user@99520.service/app.slice/evolution-calendar-factory.service::memory.current","user.slice/user-99520.slice/user@99520.service/app.slice/evolution-source-registry.service::memory.current","user.slice/user-99520.slice/user@99520.service/app.slice/gvfs-daemon.service::memory.current","user.slice/user-99520.slice/user@99520.service/app.slice/gvfs-metadata.service::memory.current","user.slice/user-99520.slice/user@99520.service/app.slice/snap.slack.slack.cb3c1f22-38af-4b91-b980-355456fa3879.scope::memory.current","user.slice/user-99520.slice/user@99520.service/app.slice/xdg-desktop-portal-gtk.service::memory.current","user.slice/user-99520.slice/user@99520.service/app.slice/xdg-desktop-portal.service::memory.current","user.slice/user-99520.slice/user@99520.service/app.slice/xdg-document-portal.service::memory.current","user.slice/user-99520.slice/user@99520.service/app.slice/xdg-permission-store.service::memory.current"
"2023-02-09T08:59:00+01:00","-","-","-","-","-","-","-","-","-","-","-","-","-","-","-","-","-","-","-","-","-","-","-","-","-","-","-","-","-","-","-"
"2023-02-09T09:00:20+01:00","-","-","-","-","-","-","-","-","-","-","-","-","-","-","-","-","-","-","-","-","-","-","-","-","-","-","-","-","-","-","-"
"2023-02-09T09:01:21+01:00","-","-","-","-","-","-","-","-","-","-","-","-","-","-","-","-","-","-","-","-","-","-","-","-","-","-","-","-","-","-","-"
"2023-02-09T09:02:29+01:00","-","-","-","-","-","-","-","-","-","-","-","-","-","-","-","-","-","-","-","-","-","-","-","-","-","-","-","-","-","-","-"
"2023-02-09T09:03:07+01:00","-","-","-","-","-","-","-","-","-","-","-","-","-","-","-","-","-","-","-","-","-","-","-","-","-","-","-","-","-","-","-"
"2023-02-09T09:04:23+01:00","-","-","-","-","-","-","-","-","-","-","-","-","-","-","-","-","-","-","-","-","-","-","-","-","-","-","-","-","-","-","-"
"2023-02-09T09:05:29+01:00","-","-","-","-","-","-","-","-","-","-","-","-","-","-","-","-","-","-","-","-","-","-","-","-","-","-","-","-","-","-","-"
"2023-02-09T09:06:21+01:00","-","-","-","-","-","-","-","-","-","-","-","-","-","-","-","-","-","-","-","-","-","-","-","-","-","-","-","-","-","-","-"
"2023-02-09T09:07:23+01:00","-","-","-","-","-","-","-","-","-","-","-","-","-","-","-","-","-","-","-","-","-","-","-","-","-","-","-","-","-","-","-"
"2023-02-09T09:08:02+01:00",462.8,5.4,4.4,5.4,5.2,7.1,5.1,5.2,5.2,"-","-","-","-","-","-",188.7,52.3,5.4,17.5,0.0,1.1,14.3,185.9,39.1,3.3,1.0,"-","-",7.7,3.9,1.0
"2023-02-09T09:09:05+01:00",460.6,5.4,4.4,5.4,5.2,7.1,5.1,5.2,5.2,"-","-",651.6,"-","-",507.7,187.7,1299.4,5.4,32.5,0.0,1.1,14.3,191.8,40.1,3.3,2.1,1090.0,"-",7.7,3.9,1.0
"2023-02-09T09:10:05+01:00",460.6,5.4,4.4,5.4,5.2,7.1,5.1,5.2,5.2,"-","-","-","-","-",535.0,187.7,1091.6,5.4,32.5,0.0,1.1,14.3,191.8,40.1,3.3,2.1,1052.8,"-",7.7,3.9,1.0
"2023-02-09T09:11:04+01:00",460.0,5.4,4.4,5.4,5.2,7.1,5.1,5.2,5.2,"-","-","-","-","-",767.3,187.7,1091.6,5.4,32.5,0.0,1.1,14.3,192.4,40.2,5.4,2.1,1042.8,2.4,7.8,3.9,1.0
"2023-02-09T09:12:00+01:00",460.0,5.4,4.4,5.4,5.2,7.1,5.1,5.2,5.2,"-","-","-","-","-",2171.1,187.8,1091.6,5.4,32.5,0.0,1.1,14.3,192.4,40.2,5.7,2.1,1046.0,"-",7.8,3.9,1.0
"2023-02-09T09:13:29+01:00",460.1,5.4,4.4,5.4,5.2,7.1,5.1,5.2,5.2,"-","-","-","-","-",1730.2,180.0,1091.3,5.4,32.5,0.0,1.1,14.3,192.4,40.3,5.7,2.5,1049.6,"-",7.8,3.9,1.0
"2023-02-09T09:14:50+01:00",460.1,5.4,4.4,5.4,5.2,7.1,5.1,5.2,5.2,"-","-","-","-","-",1734.2,180.0,1091.3,5.4,32.5,0.0,1.1,14.3,192.4,40.2,5.7,2.5,1097.0,"-",7.8,3.9,1.0
"2023-02-09T09:15:02+01:00",460.1,5.4,4.4,5.4,5.2,7.1,5.1,5.2,5.2,"-","-","-","-","-",1731.4,172.0,1091.2,5.4,32.5,0.0,1.1,14.3,192.4,40.2,5.7,2.5,1091.9,"-",7.8,3.9,1.0
"2023-02-09T09:16:21+01:00",460.0,5.4,4.4,5.4,5.2,7.1,5.1,5.2,5.2,"-","-","-","-","-",1822.1,172.0,1091.2,5.4,32.5,0.0,1.1,14.3,192.4,40.2,5.7,2.5,1179.0,"-",8.2,3.9,1.0
"2023-02-09T09:17:22+01:00",460.0,5.4,4.4,5.4,5.2,7.1,5.1,5.2,5.2,"-","-","-","-","-",2392.9,179.9,1091.2,5.4,32.5,0.0,1.1,14.3,192.4,40.2,5.7,2.5,1149.7,"-",8.1,3.9,1.0
"2023-02-09T09:18:21+01:00",460.0,5.4,4.4,5.4,5.2,7.1,5.1,5.2,5.2,"-","-","-","-","-",2925.1,179.9,1091.2,5.4,32.5,0.0,1.1,14.3,192.4,40.6,5.7,2.5,1128.0,"-",8.1,3.9,1.0
"2023-02-09T09:19:29+01:00",460.0,5.4,4.4,5.4,5.2,7.1,5.1,5.2,5.2,"-","-","-","-","-",2426.5,179.9,1091.2,5.4,32.5,0.0,1.1,14.3,192.4,41.2,5.7,2.5,1156.7,"-",8.1,3.9,1.0
"2023-02-09T09:20:50+01:00",460.0,5.4,4.4,5.4,5.2,7.1,5.1,5.2,5.2,"-","-","-","-","-",2532.3,171.7,1091.1,5.4,32.5,0.0,1.1,14.3,192.4,41.2,5.7,2.5,1127.0,"-",8.1,3.9,1.0
"2023-02-09T09:21:21+01:00",460.0,5.4,4.4,5.4,5.2,7.1,5.1,5.2,5.2,"-","-","-","-","-",2605.0,171.7,1091.1,5.4,32.5,0.0,1.1,14.3,192.4,41.2,5.7,2.5,1111.6,"-",8.1,3.9,1.0
"2023-02-09T09:22:29+01:00",459.9,5.4,4.4,5.4,5.2,7.1,5.1,5.2,5.2,"-","-","-","-","-",2768.2,171.7,1091.1,5.4,32.5,0.0,1.1,14.3,192.4,41.2,5.7,2.5,1111.6,"-",8.1,3.9,1.0
"2023-02-09T09:23:29+01:00",458.2,5.4,4.4,5.4,5.2,7.1,5.1,5.2,5.2,"-","-","-","-","-",2569.1,171.7,1091.1,5.4,32.5,0.0,1.1,14.3,192.4,41.3,5.7,2.5,1202.0,"-",8.2,3.9,1.0
"2023-02-09T09:24:21+01:00",458.2,5.4,4.4,5.4,5.2,7.1,5.1,5.2,5.2,"-","-","-","-","-",2546.6,171.7,1091.1,5.4,32.5,0.0,1.1,14.3,192.4,41.2,5.7,2.5,1162.6,"-",8.1,3.9,1.0
"2023-02-09T09:25:29+01:00",458.2,5.4,4.4,5.4,5.2,7.1,5.1,5.2,5.2,"-","-","-","-","-",2549.4,171.7,1091.6,5.4,32.5,0.0,1.1,14.3,192.4,41.2,5.7,2.5,1183.5,"-",8.1,3.9,1.0
"2023-02-09T09:26:21+01:00",459.2,5.4,4.4,5.4,5.2,7.1,5.1,5.2,5.2,"-","-","-","-","-",2555.3,171.7,1091.6,5.4,32.5,0.0,1.1,14.3,192.4,41.2,5.7,2.5,1156.7,"-",8.1,3.9,1.0
"2023-02-09T09:27:20+01:00",459.2,5.4,4.4,5.4,5.2,7.1,5.1,5.2,5.2,"-","-","-","-","-",2561.3,171.7,1091.6,5.4,32.5,0.0,1.1,14.3,192.4,41.2,5.7,2.5,1157.1,"-",8.1,3.9,1.0
"2023-02-09T09:28:50+01:00",464.6,5.4,4.4,5.4,5.2,7.1,5.1,5.2,5.2,"-","-","-","-","-",2661.9,171.7,1091.5,5.4,32.5,0.0,1.1,14.3,192.4,42.2,5.7,2.5,1159.9,"-",8.1,3.9,1.0
"2023-02-09T09:29:29+01:00",466.5,5.4,4.4,5.4,5.2,7.1,5.1,5.2,5.2,"-","-","-","-","-",2657.8,171.7,1091.5,5.4,32.5,0.0,1.1,14.3,192.4,42.2,5.7,2.5,1218.6,"-",8.2,3.9,1.0
"2023-02-09T09:30:21+01:00",466.5,5.4,4.4,5.4,5.2,7.1,5.1,5.2,5.2,"-","-","-","-","-",2736.5,171.7,1091.5,5.4,32.5,0.0,1.1,14.3,192.4,42.2,5.7,2.5,1181.5,"-",8.1,3.9,1.0
"2023-02-09T09:31:21+01:00",467.7,5.4,4.4,5.4,5.2,7.1,5.1,5.2,5.2,"-","-","-","-","-",2787.3,171.7,1091.5,5.4,32.5,0.0,1.1,14.3,192.4,42.2,5.7,2.5,1178.7,"-",8.1,3.9,1.0
"2023-02-09T09:32:06+01:00",467.7,5.4,4.4,5.4,5.2,7.1,5.1,5.2,5.2,"-","-","-","-","-",2868.9,171.7,1091.5,5.4,32.5,0.0,1.1,14.3,192.4,42.2,5.7,2.5,1199.9,"-",8.1,3.9,1.0
"2023-02-09T09:33:18+01:00",467.9,5.4,4.4,5.4,5.2,7.1,5.1,5.2,5.2,"-","-","-","-","-",2874.2,173.9,1091.5,5.4,32.5,0.0,1.1,14.3,192.4,42.2,5.7,2.5,1190.6,"-",8.1,3.9,1.0
"2023-02-09T09:34:50+01:00",471.7,5.4,4.4,5.4,5.2,7.1,5.1,5.2,5.2,"-","-","-","-","-",2826.1,181.9,1091.5,5.4,32.5,0.0,1.1,14.3,192.4,42.2,5.7,2.5,1187.5,"-",8.1,3.9,1.0
"2023-02-09T09:35:25+01:00",473.3,5.4,4.4,5.4,5.2,7.1,5.1,5.2,5.2,"-","-","-","-","-",2825.3,181.9,1091.5,5.4,32.5,0.0,1.1,14.3,192.4,42.2,5.7,2.5,1217.8,"-",8.1,3.9,1.0
"2023-02-09T09:36:19+01:00",474.7,5.4,4.4,5.4,5.2,7.2,5.1,5.2,5.2,"-","-","-","-","-",2677.1,181.9,1091.5,5.5,32.5,0.0,1.1,14.3,192.4,42.2,5.7,2.5,1193.2,"-",8.1,3.9,1.0
"2023-02-09T09:37:17+01:00",474.7,5.4,4.4,5.4,5.2,7.2,5.1,5.2,5.2,"-","-","-","-","-",2699.7,181.9,1091.5,5.4,32.5,0.0,1.1,14.3,192.4,42.2,5.7,2.5,1156.0,"-",8.1,3.9,1.0
"2023-02-09T09:38:07+01:00",474.5,5.4,4.4,5.4,5.2,7.2,5.1,5.2,5.2,"-",1141.7,"-","-","-",1321.3,181.9,1091.5,5.4,32.5,0.0,1.1,14.3,192.5,42.2,5.7,2.3,1150.7,"-",8.1,3.9,1.0
"2023-02-09T09:39:02+01:00",474.5,5.4,4.4,5.4,5.2,7.2,5.1,5.2,5.2,"-",1571.3,"-","-","-",1366.6,174.0,1091.5,5.4,32.5,0.0,1.1,14.3,192.5,43.1,5.7,2.3,1149.6,"-",8.1,3.9,1.0
"2023-02-09T09:40:50+01:00",474.5,5.4,4.4,5.4,5.2,7.2,5.1,5.2,5.2,"-",2001.0,"-","-","-",1360.8,174.0,1091.5,5.4,32.5,0.0,1.1,14.3,192.5,43.1,5.7,2.3,1151.0,"-",8.1,3.9,1.0
"2023-02-09T09:41:21+01:00",474.5,5.4,4.4,5.4,5.2,7.2,5.1,5.2,5.2,"-",2003.7,"-","-","-",1344.1,174.0,1091.5,5.4,32.5,0.0,1.1,14.3,192.5,43.1,5.7,2.3,1148.5,"-",8.1,3.9,1.0
"2023-02-09T09:42:20+01:00",474.5,5.4,4.4,5.4,5.2,7.2,5.1,5.2,5.2,"-",2006.3,"-","-","-",1344.1,174.0,1091.5,5.4,32.5,0.0,1.1,14.3,193.3,43.1,5.7,2.3,1154.2,"-",8.1,3.9,1.0
"2023-02-09T09:43:01+01:00",474.5,5.4,4.4,5.4,5.2,7.2,5.1,5.2,5.2,"-",2009.9,"-","-","-",1344.1,174.0,1091.5,5.4,32.5,0.0,1.1,14.3,193.3,43.1,5.7,2.3,1147.4,"-",8.1,3.9,1.0
"2023-02-09T09:44:16+01:00",474.5,5.4,4.4,5.4,5.2,7.2,5.1,5.2,5.2,"-",1972.9,"-","-","-",1344.1,174.0,1091.5,5.4,32.5,0.0,1.1,14.3,193.3,43.1,5.7,2.3,1180.8,"-",8.1,3.9,1.0
"2023-02-09T09:45:21+01:00",474.5,5.4,4.4,5.4,5.2,7.2,5.1,5.2,5.2,"-",1960.4,"-","-","-",1344.3,174.0,1091.5,5.4,32.5,0.0,1.1,14.3,193.3,43.1,5.7,2.3,1143.6,"-",8.1,3.9,1.0
"2023-02-09T09:46:21+01:00",474.5,5.4,4.4,5.4,5.2,7.2,5.1,5.2,5.2,"-",1936.2,"-","-","-",1378.6,174.0,1091.5,5.4,32.5,0.0,1.1,14.3,193.3,43.2,5.7,2.3,1141.8,"-",8.1,3.9,1.0
"2023-02-09T09:47:19+01:00",474.5,5.4,4.4,5.4,5.2,7.2,5.1,5.2,5.2,"-",1942.5,"-","-","-",1376.7,174.0,1091.5,5.4,32.5,0.0,1.1,14.3,193.3,43.1,5.7,2.3,1139.4,"-",8.1,3.9,1.0
"2023-02-09T09:48:21+01:00",474.5,5.4,4.4,5.4,5.2,7.2,5.1,5.2,5.2,"-",2127.6,"-","-","-",1387.3,174.0,1091.5,5.4,32.5,0.0,1.1,14.3,193.3,43.4,5.7,2.3,1166.0,"-",8.1,3.9,1.0
"2023-02-09T09:49:29+01:00",474.5,5.4,4.4,5.4,5.2,7.2,5.1,5.2,5.2,"-",2366.0,"-","-","-",1422.6,174.0,1091.5,5.4,32.5,0.0,1.1,14.3,193.3,44.0,5.7,2.3,1144.1,"-",8.1,3.9,1.0
"2023-02-09T09:50:29+01:00",474.5,5.4,4.4,5.4,5.2,7.2,5.1,5.2,5.2,"-",2473.6,"-","-","-",1422.6,174.0,1091.5,5.4,32.5,0.0,1.1,14.3,193.3,44.0,5.7,2.3,1141.8,"-",8.1,3.9,1.0
"2023-02-09T09:51:21+01:00",474.5,5.4,4.4,5.4,5.2,7.2,5.1,5.2,5.2,"-",2744.0,"-","-","-",1422.6,174.0,1091.5,5.4,32.5,0.0,1.1,14.3,193.3,44.0,5.7,2.3,1142.9,"-",8.1,3.9,1.0
"2023-02-09T09:52:50+01:00",474.5,5.4,4.4,5.4,5.2,7.2,5.1,5.2,5.2,"-",2315.3,"-","-","-",1419.0,174.0,1091.5,5.4,32.5,0.0,1.1,14.3,193.3,44.1,5.7,2.3,1144.4,"-",8.1,3.9,1.0
"2023-02-09T09:53:29+01:00",474.5,5.4,4.4,5.4,5.2,7.2,5.1,5.2,5.2,"-",2468.9,"-","-","-",1418.7,174.0,1091.5,5.4,32.5,0.0,1.1,14.3,193.3,44.1,5.7,2.3,1142.4,"-",8.1,3.9,1.0
"2023-02-09T09:54:21+01:00",474.5,5.4,4.4,5.4,5.2,7.2,5.1,5.2,5.2,"-",2547.3,"-","-","-",1418.7,174.0,1091.5,5.4,32.5,0.0,1.1,14.3,193.3,44.1,5.7,2.3,1143.2,"-",8.1,3.9,1.0
"2023-02-09T09:55:29+01:00",474.5,5.4,4.4,5.4,5.2,7.2,5.1,5.2,5.2,"-",2402.3,"-","-","-",1418.7,174.0,1091.5,5.4,32.5,0.0,1.1,14.3,193.3,44.1,5.7,2.3,1144.0,"-",8.1,3.9,1.0
"2023-02-09T09:56:21+01:00",474.5,5.4,4.4,5.4,5.2,7.2,5.1,5.2,5.2,"-",2443.6,"-","-","-",1418.7,174.0,1091.5,5.4,32.5,0.0,1.1,14.3,193.3,44.1,5.7,2.3,1141.5,"-",8.1,3.9,1.0
"2023-02-09T09:57:21+01:00",474.5,5.4,4.4,5.4,5.2,7.2,5.1,5.2,5.2,1421.2,2277.2,"-","-","-",1418.7,190.9,1091.5,5.4,32.5,0.0,1.1,14.3,193.3,44.1,5.7,2.3,1140.2,"-",8.2,3.9,1.0
"2023-02-09T09:58:50+01:00",474.5,5.4,4.4,5.4,5.2,7.2,5.1,5.2,5.2,1400.4,2258.5,"-","-","-",1462.1,191.5,1105.5,5.4,32.5,0.0,1.1,14.3,193.3,45.0,5.7,2.3,1146.5,"-",8.2,3.9,1.0
"2023-02-09T09:59:29+01:00",474.5,5.4,4.4,5.4,5.2,7.2,5.1,5.2,5.2,1400.6,1889.2,"-","-","-",1462.1,191.5,1105.8,5.4,32.5,0.0,1.1,14.3,193.3,45.0,5.7,2.3,1146.2,"-",8.2,3.9,1.0
"2023-02-09T10:00:02+01:00",474.5,5.4,4.4,5.4,5.2,7.2,5.1,5.2,5.2,1401.2,1889.1,"-","-","-",1462.1,186.3,1101.0,5.4,32.5,0.0,1.1,14.3,193.3,45.0,5.7,2.3,1173.3,"-",8.2,3.9,1.0
"2023-02-09T10:01:03+01:00",474.5,5.4,4.4,5.4,5.2,7.2,5.1,5.2,5.2,1399.6,1889.5,"-","-","-",1462.1,186.4,1112.6,5.4,32.5,0.0,1.1,14.3,193.3,45.0,5.7,2.3,1151.4,"-",8.2,3.9,1.0
"2023-02-09T10:02:29+01:00",474.5,5.4,4.4,5.4,5.2,7.2,5.1,5.2,5.2,1407.6,1892.8,"-","-","-",1462.1,186.3,1112.5,5.4,32.5,0.0,1.1,14.3,193.3,45.0,5.7,2.3,1149.7,"-",8.2,3.9,1.0
"2023-02-09T10:03:20+01:00",474.5,5.4,4.4,5.4,5.2,7.2,5.1,5.2,5.2,1402.7,1904.5,"-","-","-",1461.8,186.3,1112.6,5.4,32.5,0.0,1.1,14.3,193.3,45.0,5.7,2.3,1150.8,"-",8.2,3.9,1.0
"2023-02-09T10:04:50+01:00",474.5,5.4,4.4,5.4,5.2,7.2,5.1,5.2,5.2,1399.9,1888.3,"-","-","-",1461.8,186.3,1112.6,5.4,32.5,0.0,1.1,14.3,193.3,45.0,5.7,2.3,1149.4,"-",8.2,3.9,1.0
"2023-02-09T10:05:29+01:00",474.5,5.4,4.4,5.4,5.2,7.2,5.1,5.2,5.2,1399.4,1890.3,"-","-","-",1461.8,186.3,1113.1,5.4,32.5,0.0,1.1,14.3,193.3,45.0,5.7,2.3,1142.7,"-",8.2,3.9,1.0
"2023-02-09T10:06:20+01:00",474.5,5.4,4.4,5.4,5.2,7.2,5.1,5.2,5.2,1399.7,1893.4,"-","-","-",1461.8,186.3,1113.1,5.4,32.5,0.0,1.1,14.3,193.3,45.0,5.7,2.3,1144.0,"-",8.2,3.9,1.0
"2023-02-09T10:07:29+01:00",474.5,5.4,4.4,5.4,5.2,7.2,5.1,5.2,5.2,1405.0,1896.3,"-","-","-",1461.8,186.3,1113.1,5.4,32.5,0.0,1.1,14.3,193.3,45.0,5.7,2.3,1145.6,"-",8.2,3.9,1.0
"2023-02-09T10:08:14+01:00",474.5,5.4,4.4,5.4,5.2,7.2,5.1,5.2,5.2,1404.4,1901.3,"-","-","-",1462.2,186.3,1113.1,5.4,32.5,0.0,1.1,14.3,193.4,47.1,5.7,2.3,1150.9,"-",8.2,3.9,1.0
"2023-02-09T10:09:20+01:00",474.5,5.4,4.4,5.4,5.2,7.2,5.1,5.2,5.2,1405.0,1907.7,"-","-","-",1484.2,186.3,1108.9,5.4,32.5,0.0,1.1,14.3,193.4,47.9,5.7,2.3,1148.1,"-",8.2,3.9,1.0
"2023-02-09T10:10:50+01:00",474.5,5.4,4.4,5.4,5.2,7.2,5.1,5.2,5.2,1403.9,1913.2,"-","-","-",1484.2,186.4,1109.2,5.4,32.5,0.0,1.1,14.3,193.4,47.9,5.7,2.3,1146.8,"-",8.2,3.9,1.0
"2023-02-09T10:11:21+01:00",474.5,5.4,4.4,5.4,5.2,7.2,5.1,5.2,5.2,1404.5,1914.6,"-","-","-",1484.2,186.4,1109.2,5.4,32.5,0.0,1.1,14.3,193.4,47.9,5.7,2.3,1147.4,"-",8.2,3.9,1.0
"2023-02-09T10:12:20+01:00",474.6,5.4,4.4,5.4,5.2,7.2,5.1,5.2,5.2,1407.8,1918.0,"-","-","-",1484.2,186.4,1109.2,5.4,32.5,0.0,1.1,14.3,193.4,47.9,5.7,2.3,1146.2,"-",8.2,3.9,1.0
"2023-02-09T10:13:29+01:00",474.5,5.4,4.4,5.4,5.2,7.2,5.1,5.2,5.2,1406.2,1924.6,"-","-","-",1484.2,186.4,1109.2,5.4,32.5,0.0,1.1,14.3,193.4,47.9,5.7,2.3,1139.3,"-",8.2,3.9,1.0
"2023-02-09T10:14:29+01:00",474.5,5.4,4.4,5.4,5.2,7.2,5.1,5.2,5.2,1403.9,1997.8,"-","-","-",1484.2,186.3,1109.2,5.4,32.5,0.0,1.1,14.3,193.4,47.9,5.7,2.3,1138.4,"-",8.2,3.9,1.0
"2023-02-09T10:15:21+01:00",474.5,5.4,4.4,5.4,5.2,7.2,5.1,5.2,5.2,1447.5,1878.9,"-","-","-",1484.2,186.3,1109.1,5.4,32.5,0.0,1.1,14.3,193.4,47.9,5.7,2.3,1138.2,"-",8.2,3.9,1.0
"2023-02-09T10:16:21+01:00",474.5,5.4,4.4,5.4,5.2,7.2,5.1,5.2,5.2,1588.6,1884.0,"-","-","-",1484.2,186.3,1109.1,5.4,32.5,0.0,1.1,14.3,193.4,47.9,5.7,2.3,1140.1,"-",8.2,3.9,1.0
"2023-02-09T10:17:29+01:00",474.5,5.4,4.4,5.4,5.2,7.2,5.1,5.2,5.2,1500.3,1887.7,"-","-","-",1484.2,188.7,1109.1,5.4,32.5,0.0,1.1,14.3,193.4,47.9,5.7,2.3,1139.5,"-",8.2,3.9,1.0
"2023-02-09T10:18:21+01:00",474.5,5.4,4.4,5.4,5.2,7.2,5.1,5.2,5.2,1487.0,1896.4,"-","-","-",1493.2,188.7,1109.1,5.4,32.5,0.0,1.1,14.3,193.4,48.3,5.7,2.3,1146.0,"-",8.2,3.9,1.0
"2023-02-09T10:19:29+01:00",474.5,5.4,4.4,5.4,5.2,7.2,5.1,5.2,5.2,1558.6,1934.0,"-","-","-",1525.6,188.7,1109.0,5.4,32.5,0.0,1.1,14.3,193.4,48.9,5.7,2.3,1143.2,"-",8.2,3.9,1.0
"2023-02-09T10:20:29+01:00",474.5,5.4,4.4,5.4,5.2,7.2,5.1,5.2,5.2,1621.8,1872.0,"-","-","-",1525.6,188.7,1109.0,5.4,32.5,0.0,1.1,14.3,193.4,48.9,5.7,2.3,1141.0,"-",8.2,3.9,1.0
"2023-02-09T10:21:19+01:00",474.5,5.4,4.4,5.4,5.2,7.2,5.1,5.2,5.2,1587.2,1875.0,"-","-","-",1525.6,188.7,1109.0,5.4,32.5,0.0,1.1,14.3,193.4,48.9,5.7,2.3,1141.0,"-",8.2,3.9,1.0
"2023-02-09T10:22:50+01:00",474.5,5.4,4.4,5.4,5.2,7.2,5.1,5.2,5.2,1524.8,1881.4,"-","-","-",1525.6,188.7,1109.0,5.4,32.5,0.0,1.1,14.3,193.4,48.9,5.7,2.3,1142.9,"-",8.2,3.9,1.0
"2023-02-09T10:23:29+01:00",474.5,5.4,4.4,5.4,5.2,7.2,5.1,5.2,5.2,1590.9,1883.3,"-","-","-",1525.6,188.7,1109.0,5.4,32.5,0.0,1.1,14.3,193.4,48.9,5.7,2.3,1145.5,"-",8.2,3.9,1.0
"2023-02-09T10:24:21+01:00",474.5,5.4,4.4,5.4,5.2,7.2,5.1,5.2,5.2,1552.9,1889.6,"-","-","-",1525.6,188.7,1109.0,5.4,32.5,0.0,1.1,14.3,193.4,48.9,5.7,2.3,1166.0,"-",8.2,3.9,1.0
"2023-02-09T10:25:29+01:00",474.5,5.4,4.4,5.4,5.2,7.2,5.1,5.2,5.2,1636.5,1893.5,"-","-","-",1525.6,188.7,1109.0,5.4,32.5,0.0,1.1,14.3,193.4,48.9,5.7,2.3,1164.6,"-",8.2,3.9,1.0
"2023-02-09T10:26:21+01:00",474.5,5.4,4.4,5.4,5.2,7.2,5.1,5.2,5.2,1542.0,1896.2,"-","-","-",1525.6,188.7,1109.0,5.4,32.5,0.0,1.1,14.3,193.4,48.9,5.7,2.3,1144.1,"-",8.2,3.9,1.0
"2023-02-09T10:27:21+01:00",474.5,5.4,4.4,5.4,5.2,7.2,5.1,5.2,5.2,1633.5,1899.6,"-","-","-",1525.6,188.7,1109.0,5.4,32.5,0.0,1.1,14.3,193.4,48.9,5.7,2.3,1143.0,"-",8.2,3.9,1.0
"2023-02-09T10:28:50+01:00",474.5,5.4,4.4,5.4,5.2,7.2,5.1,5.2,5.2,1662.4,2007.2,"-","-","-",1561.3,188.7,1108.7,5.4,32.5,0.0,1.1,14.3,193.4,52.9,5.7,2.3,1148.0,"-",8.2,3.9,1.0
"2023-02-09T10:29:29+01:00",474.5,5.4,4.4,5.4,5.2,7.2,5.1,5.2,5.2,1584.4,2004.4,"-","-","-",1561.2,188.7,1108.7,5.4,32.5,0.0,1.1,14.3,193.4,52.9,5.7,2.3,1150.8,"-",8.2,3.9,1.0
"2023-02-09T10:30:21+01:00",474.5,5.4,4.4,5.4,5.2,7.2,5.1,5.2,5.2,1649.3,2004.4,"-","-","-",1561.2,188.7,1108.7,5.4,32.5,0.0,1.1,14.3,193.4,52.9,5.7,2.3,1147.3,"-",8.2,3.9,1.0
"2023-02-09T10:31:21+01:00",474.5,5.4,4.4,5.4,5.2,7.2,5.1,5.2,5.2,1680.5,2001.9,"-","-","-",1561.2,188.7,1108.7,5.4,32.5,0.0,1.1,14.3,193.4,52.9,5.7,2.3,1148.1,"-",8.2,3.9,1.0
"2023-02-09T10:32:29+01:00",474.5,5.4,4.4,5.4,5.2,7.2,5.1,5.2,5.2,1640.8,2003.4,"-","-","-",1561.2,188.7,1108.7,5.4,32.5,0.0,1.1,14.3,193.4,52.9,5.7,2.3,1143.6,"-",8.2,3.9,1.0
"2023-02-09T10:33:21+01:00",474.5,5.4,4.4,5.4,5.2,7.2,5.1,5.2,5.2,1532.5,1960.2,"-","-","-",1557.9,188.7,1108.7,5.4,32.5,0.0,1.1,14.3,193.4,52.9,5.7,2.3,1179.4,"-",8.2,3.9,1.0
"2023-02-09T10:34:50+01:00",474.5,5.4,4.4,5.4,5.2,7.2,5.1,5.2,5.2,1532.4,2101.1,"-","-","-",1557.9,188.7,1108.7,5.4,32.5,0.0,1.1,14.3,193.4,52.9,5.7,2.3,1188.0,"-",8.2,3.9,1.0
"2023-02-09T10:35:29+01:00",474.5,5.4,4.4,5.4,5.2,7.2,5.1,5.2,5.2,1528.4,2040.7,"-","-","-",1557.9,188.7,1108.7,5.4,32.5,0.0,1.1,14.3,193.4,52.9,5.7,2.3,1167.1,"-",8.2,3.9,1.0
"2023-02-09T10:36:21+01:00",474.5,5.4,4.4,5.4,5.2,7.2,5.1,5.2,5.2,1527.7,2044.2,"-","-","-",1557.9,188.7,1108.6,5.4,32.5,0.0,1.1,14.3,193.4,52.9,5.7,2.3,1176.6,"-",8.2,3.9,1.0
"2023-02-09T10:37:29+01:00",474.5,5.4,4.4,5.4,5.2,7.2,5.1,5.2,5.2,1536.3,2048.8,"-","-","-",1557.9,188.7,1108.6,5.4,32.5,0.0,1.1,14.3,193.4,52.9,5.7,2.3,1170.7,"-",8.2,3.9,1.0
"2023-02-09T10:38:14+01:00",474.5,5.4,4.4,5.4,5.2,7.2,5.1,5.2,5.2,1629.8,2056.8,"-","-","-",1558.8,188.7,1108.6,5.4,32.5,0.0,1.1,14.3,193.4,52.9,5.7,2.3,1174.3,"-",8.2,3.9,1.0
"2023-02-09T10:39:20+01:00",474.5,5.4,4.4,5.4,5.2,7.2,5.1,5.2,5.2,1593.0,2095.2,"-","-","-",1594.7,188.7,1108.6,5.4,32.5,0.0,1.1,14.3,197.4,53.8,5.7,2.3,1178.9,"-",8.2,3.9,1.0
"2023-02-09T10:40:50+01:00",474.5,5.4,4.4,5.4,5.2,7.2,5.1,5.2,5.2,1635.1,2078.8,"-","-","-",1594.7,188.7,1108.6,5.4,32.5,0.0,1.1,14.3,197.4,53.8,5.7,2.3,1161.7,"-",8.2,3.9,1.0
"2023-02-09T10:41:21+01:00",474.5,5.4,4.4,5.4,5.2,7.2,5.1,5.2,5.2,1591.4,2081.7,"-","-","-",1594.7,188.7,1108.6,5.4,32.5,0.0,1.1,14.3,197.4,53.8,5.7,2.3,1136.2,"-",8.2,3.9,1.0
"2023-02-09T10:42:21+01:00",474.5,5.4,4.4,5.4,5.2,7.2,5.1,5.2,5.2,1632.5,2086.5,"-","-","-",1594.7,188.7,1108.6,5.4,32.5,0.0,1.1,14.3,197.4,53.8,5.7,2.3,1149.1,"-",8.2,3.9,1.0
"2023-02-09T10:43:29+01:00",474.5,5.4,4.4,5.4,5.2,7.2,5.1,5.2,5.2,1640.7,2193.1,"-","-","-",1595.1,188.7,1108.6,5.5,40.4,0.0,1.1,14.3,197.4,53.8,5.7,2.3,1146.3,"-",8.2,3.9,1.0
"2023-02-09T10:44:50+01:00",474.5,5.4,4.4,5.4,5.2,7.2,5.1,5.2,5.2,1573.2,2305.2,"-","-","-",1591.1,188.7,1108.5,5.4,40.4,0.0,1.1,14.3,197.4,53.8,5.7,2.3,1202.9,"-",8.2,3.9,1.0
"2023-02-09T10:45:11+01:00",474.5,5.4,4.4,5.4,5.2,7.2,5.1,5.2,5.2,1561.0,2330.0,"-","-","-",1591.1,206.4,1108.5,5.5,40.4,0.0,1.1,14.3,197.4,53.8,5.7,2.3,1171.0,"-",8.2,3.9,1.0
"2023-02-09T10:46:21+01:00",474.5,5.4,4.4,5.4,5.2,7.2,5.1,5.2,5.2,2186.0,2334.8,"-","-","-",1591.1,206.6,1108.5,5.5,40.4,0.0,1.1,14.3,197.4,53.8,5.7,2.3,1197.0,"-",8.2,3.9,1.0
"2023-02-09T10:47:29+01:00",474.5,5.4,4.4,5.4,5.2,7.2,5.1,5.2,5.2,2156.2,2337.7,"-","-","-",1591.1,206.6,1108.5,5.5,40.4,0.0,1.1,14.3,197.4,53.8,5.7,2.3,1171.5,"-",8.2,3.9,1.0
"2023-02-09T10:48:02+01:00",474.5,5.4,4.4,5.4,5.2,7.2,5.1,5.2,5.2,2151.2,2374.8,"-","-","-",1591.1,198.7,1108.4,5.5,40.4,0.0,1.1,14.3,197.4,53.8,5.7,2.3,1191.9,"-",8.2,3.9,1.0
"2023-02-09T10:49:29+01:00",474.5,5.4,4.4,5.4,5.2,7.2,5.1,5.2,5.2,1715.9,2145.4,"-","-","-",1631.5,206.8,1108.4,5.5,40.4,0.0,1.1,14.3,197.4,54.6,5.7,2.3,1164.6,"-",8.2,3.9,1.0
"2023-02-09T10:50:50+01:00",474.5,5.4,4.4,5.4,5.2,7.2,5.1,5.2,5.2,1720.0,2007.8,"-","-","-",1631.5,206.8,1108.4,5.5,40.4,0.0,1.1,14.3,197.4,54.6,5.7,2.3,1165.2,"-",8.2,3.9,1.0
"2023-02-09T10:51:21+01:00",474.5,5.4,4.4,5.4,5.2,7.2,5.1,5.2,5.2,1661.0,1987.3,"-","-","-",1631.5,206.8,1108.4,5.5,40.4,0.0,1.1,14.3,197.4,54.6,5.7,2.3,1164.0,"-",8.2,3.9,1.0
"2023-02-09T10:52:29+01:00",474.5,5.4,4.4,5.4,5.2,7.2,5.1,5.2,5.2,1619.2,1994.0,"-","-","-",1631.5,206.8,1108.4,5.5,40.4,0.0,1.1,14.3,197.4,54.6,5.7,2.3,1165.9,"-",8.2,3.9,1.0
"2023-02-09T10:53:29+01:00",474.5,5.4,4.4,5.4,5.2,7.2,5.1,5.2,5.2,1644.0,2003.3,"-","-","-",1631.5,198.8,1108.4,5.5,40.4,0.0,1.1,14.3,197.4,54.6,5.7,2.3,1167.0,"-",8.2,3.9,1.0
"2023-02-09T10:54:21+01:00",474.5,5.4,4.4,5.4,5.2,7.2,5.1,5.2,5.2,1622.2,2009.2,"-","-","-",1631.5,199.0,1108.4,5.5,40.4,0.0,1.1,14.3,197.4,54.6,5.7,2.3,1186.5,"-",8.2,3.9,1.0
"2023-02-09T10:55:29+01:00",474.5,5.4,4.4,5.4,5.2,7.2,5.1,5.2,5.2,1681.6,2013.8,"-","-","-",1631.5,199.0,1108.4,5.5,40.4,0.0,1.1,14.3,197.4,54.6,5.7,2.3,1167.6,"-",8.2,3.9,1.0
"2023-02-09T10:56:21+01:00",474.5,5.4,4.4,5.4,5.2,7.2,5.1,5.2,5.2,1611.4,2017.8,"-","-","-",1631.5,199.0,1108.4,5.5,40.4,0.0,1.1,14.3,197.4,54.6,5.7,2.3,1164.0,"-",8.2,3.9,1.0
"2023-02-09T10:57:21+01:00",474.5,5.4,4.4,5.4,5.2,7.2,5.1,5.2,5.2,1678.2,2021.6,"-","-","-",1631.5,199.0,1108.4,5.5,40.4,0.0,1.1,14.3,197.4,54.6,5.7,2.3,1192.8,"-",8.2,3.9,1.0
"2023-02-09T10:58:50+01:00",474.5,5.4,4.4,5.4,5.2,7.2,5.1,5.2,5.2,1633.0,2030.9,"-","-","-",1665.4,199.0,1108.4,5.5,40.4,0.0,1.1,14.3,197.4,55.4,5.7,2.3,1185.2,"-",8.2,3.9,1.0
"2023-02-09T10:59:29+01:00",474.5,5.4,4.4,5.4,5.2,7.2,5.1,5.2,5.2,1633.2,2033.4,"-","-","-",1665.4,199.0,1108.4,5.5,40.4,0.0,1.1,14.3,197.4,55.3,5.7,2.3,1202.9,"-",8.2,3.9,1.0
"2023-02-09T11:00:21+01:00",474.5,5.4,4.4,5.4,5.2,7.2,5.1,5.2,5.2,1724.1,2070.9,"-","-","-",1665.4,198.9,1108.4,5.5,40.4,0.0,1.1,14.3,197.4,55.3,5.7,2.3,1198.9,"-",8.2,3.9,1.0
"2023-02-09T11:01:21+01:00",474.5,5.4,4.4,5.4,5.2,7.2,5.1,5.2,5.2,1754.7,2074.6,"-","-","-",1665.4,199.0,1108.4,5.5,40.4,0.0,1.1,14.3,197.4,55.3,5.7,2.3,1175.9,"-",8.2,4.0,1.0
"2023-02-09T11:02:29+01:00",474.5,5.4,4.4,5.4,5.2,7.2,5.1,5.2,5.2,1645.3,2078.9,"-","-","-",1665.4,198.9,1108.4,5.5,40.4,0.0,1.1,14.3,197.4,55.3,5.7,2.3,1190.0,"-",8.2,3.9,1.0
"2023-02-09T11:03:21+01:00",474.5,5.4,4.4,5.4,5.2,7.2,5.1,5.2,5.2,1644.0,2083.4,"-","-","-",1665.4,198.9,1108.4,5.5,40.4,0.0,1.1,14.3,197.4,55.3,5.7,2.3,1220.1,"-",8.2,3.9,1.0
"2023-02-09T11:04:50+01:00",474.5,5.4,4.4,5.4,5.2,7.2,5.1,5.2,5.2,1692.3,2091.6,"-","-","-",1665.4,199.0,1108.4,5.5,40.4,0.0,1.1,14.3,197.4,55.3,5.7,2.3,1197.9,"-",8.2,4.0,1.0
"2023-02-09T11:05:29+01:00",474.5,5.4,4.4,5.4,5.2,7.2,5.1,5.2,5.2,1700.3,2089.2,"-","-","-",1665.4,199.0,1108.4,5.5,40.4,0.0,1.1,14.3,197.4,55.3,5.7,2.3,1175.1,"-",8.2,3.9,1.0
"2023-02-09T11:06:19+01:00",474.5,5.4,4.4,5.4,5.2,7.2,5.1,5.2,5.2,1779.2,2095.9,"-","-","-",1665.4,199.0,1108.4,5.5,40.4,0.0,1.1,14.3,197.4,55.3,5.7,2.3,1181.5,"-",8.3,4.0,1.0
"2023-02-09T11:07:29+01:00",474.5,5.4,4.4,5.4,5.2,7.2,5.1,5.2,5.2,1715.1,2100.3,"-","-","-",1665.4,199.0,1108.4,5.5,40.4,0.0,1.1,14.3,197.4,55.3,5.7,2.3,1178.4,"-",8.3,4.0,1.0
"2023-02-09T11:08:29+01:00",474.5,5.4,4.4,5.4,5.2,7.2,5.1,5.2,5.2,1740.2,2104.6,"-","-","-",1665.5,199.0,1108.4,5.5,40.4,0.0,1.1,14.3,198.0,56.0,5.7,2.3,1183.7,"-",8.3,4.0,1.0
"2023-02-09T11:09:21+01:00",474.5,5.4,4.4,5.4,5.2,7.2,5.1,5.2,5.2,1733.7,2110.5,"-","-","-",1665.5,198.9,1108.4,5.5,40.4,0.0,1.1,14.3,198.0,56.2,5.7,2.3,1198.8,"-",8.3,4.0,1.0
"2023-02-09T11:10:50+01:00",474.5,5.4,4.4,5.4,5.2,7.2,5.1,5.2,5.2,1665.1,2376.9,"-","-","-",1665.2,198.9,1108.4,5.5,40.4,0.0,1.1,14.3,198.0,56.2,5.7,2.3,1179.3,"-",8.2,3.9,1.0
"2023-02-09T11:11:21+01:00",474.5,5.4,4.4,5.4,5.2,7.2,5.1,5.2,5.2,1684.0,2346.6,"-","-","-",1665.2,198.9,1108.4,5.5,40.4,0.0,1.1,14.3,198.0,56.2,5.7,2.3,1178.5,"-",8.3,4.0,1.0
"2023-02-09T11:12:21+01:00",474.5,5.4,4.4,5.4,5.2,7.2,5.1,5.2,5.2,1749.8,2381.2,"-","-","-",1660.9,199.0,1108.4,5.5,40.4,0.0,1.1,14.3,198.0,56.2,5.7,2.3,1176.9,"-",8.3,4.0,1.0
"2023-02-09T11:13:29+01:00",474.5,5.4,4.4,5.4,5.2,7.2,5.1,5.2,5.2,1647.1,2375.2,"-","-","-",1660.9,198.9,1108.4,5.5,40.4,0.0,1.1,14.3,198.0,56.2,5.7,2.5,1178.2,"-",8.2,4.0,1.0
"2023-02-09T11:14:29+01:00",474.5,5.4,4.4,5.4,5.2,7.2,5.1,5.2,5.2,1709.4,2473.6,"-","-","-",1660.6,199.0,1108.4,5.5,40.4,0.0,1.1,14.3,198.0,56.2,5.7,2.5,1188.5,"-",8.3,4.0,1.0
"2023-02-09T11:15:21+01:00",474.5,5.4,4.4,5.4,5.2,7.2,5.1,5.2,5.2,1664.9,2470.2,"-","-","-",1660.7,199.0,1108.4,5.5,40.4,0.0,1.7,14.3,199.0,56.2,5.7,2.5,1180.8,"-",8.3,4.0,1.0
"2023-02-09T11:16:21+01:00",474.5,5.4,4.4,5.4,5.2,7.2,5.1,5.2,5.2,1710.2,2472.2,"-","-","-",1660.7,199.0,1108.4,5.5,40.4,0.0,1.7,14.3,239.2,56.2,5.7,2.5,1180.9,"-",8.3,4.0,1.0
"2023-02-09T11:17:29+01:00",474.5,5.4,4.4,5.4,5.2,7.2,5.1,5.2,5.2,1657.3,2461.9,"-","-","-",1660.7,199.0,1108.4,5.5,40.4,0.0,1.7,14.3,265.2,56.2,5.7,2.5,1161.4,"-",8.3,4.0,1.0
"2023-02-09T11:18:21+01:00",474.5,5.4,4.4,5.4,5.2,7.2,5.1,5.2,5.2,1655.1,2467.7,"-","-","-",1680.9,199.0,1108.4,5.5,40.7,0.0,1.7,14.3,296.4,56.5,5.7,2.5,1192.3,"-",8.2,4.0,1.0
"2023-02-09T11:19:29+01:00",474.5,5.4,4.4,5.4,5.2,7.2,5.1,5.2,5.2,1644.8,2298.4,"-","-","-",1703.1,199.0,1108.4,5.5,40.7,0.0,1.7,14.3,294.3,56.9,5.7,2.5,1170.0,"-",8.2,4.0,1.0
"2023-02-09T11:20:29+01:00",474.6,5.4,4.4,5.4,5.2,7.2,5.1,5.2,5.2,1635.4,2220.2,"-","-","-",1703.1,199.0,1108.4,5.5,40.7,0.0,1.7,14.3,294.3,56.9,5.7,2.5,1174.0,"-",8.2,4.0,1.0
"2023-02-09T11:21:21+01:00",474.6,5.4,4.4,5.4,5.2,7.2,5.1,5.2,5.2,1722.4,2227.3,"-","-","-",1703.1,199.0,1108.4,5.5,40.7,0.0,1.7,14.3,294.3,56.9,5.7,2.5,1173.2,"-",8.3,4.0,1.0
"2023-02-09T11:22:50+01:00",474.5,5.4,4.4,5.4,5.2,7.2,5.1,5.2,5.2,1655.5,2265.5,"-","-","-",1703.1,199.0,1108.4,5.5,40.7,0.0,1.7,14.3,294.3,56.9,5.7,2.5,1177.3,"-",8.3,4.0,1.0
"2023-02-09T11:23:29+01:00",474.5,5.4,4.4,5.4,5.2,7.2,5.1,5.2,5.2,1652.1,2267.6,"-","-","-",1703.1,199.0,1108.4,5.5,40.7,0.0,1.7,14.3,294.3,56.9,5.7,2.5,1176.3,"-",8.2,4.0,1.0
"2023-02-09T11:24:21+01:00",474.5,5.4,4.4,5.4,5.2,7.2,5.1,5.2,5.2,1697.2,2274.6,"-","-","-",1703.1,199.0,1108.4,5.5,40.7,0.0,1.7,14.3,294.3,56.9,5.7,2.5,1196.6,"-",8.3,4.0,1.0
"2023-02-09T11:25:29+01:00",474.5,5.4,4.4,5.4,5.2,7.2,5.1,5.2,5.2,1828.8,2278.7,"-","-","-",1703.1,199.0,1108.4,5.5,40.7,0.0,1.7,14.3,294.3,56.9,5.7,2.5,1175.2,"-",8.3,4.0,1.0
"2023-02-09T11:26:21+01:00",474.5,5.4,4.4,5.4,5.2,7.2,5.1,5.2,5.2,1687.0,2281.9,"-","-","-",1703.1,199.0,1108.4,5.5,40.7,0.0,1.7,14.3,294.3,56.9,5.7,2.5,1175.6,"-",8.3,4.0,1.0
"2023-02-09T11:27:21+01:00",474.5,5.4,4.4,5.4,5.2,7.2,5.1,5.2,5.2,1723.3,2285.2,"-","-","-",1703.1,199.0,1108.4,5.5,40.7,0.0,1.7,14.3,294.3,56.9,5.7,2.5,1175.6,"-",8.3,4.0,1.0
"2023-02-09T11:28:50+01:00",474.5,5.4,4.4,5.4,5.2,7.2,5.1,5.2,5.2,1699.0,2262.7,"-","-","-",1738.9,199.0,1108.4,5.5,40.7,0.0,1.7,14.3,294.3,57.7,5.7,2.5,1178.2,"-",8.3,4.0,1.0
"2023-02-09T11:29:29+01:00",474.5,5.4,4.4,5.4,5.2,7.2,5.1,5.2,5.2,1684.9,2264.3,"-","-","-",1738.9,199.0,1108.4,5.5,40.7,0.0,1.7,14.3,294.3,57.7,5.7,2.5,1181.3,"-",8.3,4.0,1.0
"2023-02-09T11:30:21+01:00",474.6,5.4,4.4,5.4,5.2,7.2,5.1,5.2,5.2,1662.7,2267.0,"-","-","-",1738.9,199.0,1108.4,5.5,40.7,0.0,1.7,14.3,294.3,57.7,5.7,2.5,1181.8,"-",8.3,4.0,1.0
"2023-02-09T11:31:21+01:00",474.5,5.4,4.4,5.4,5.2,7.2,5.1,5.2,5.2,1701.3,2270.2,"-","-","-",1738.9,199.0,1108.4,5.5,40.7,0.0,1.7,14.3,294.3,57.7,5.7,2.5,1177.0,"-",8.3,4.0,1.0
"2023-02-09T11:32:29+01:00",474.5,5.4,4.4,5.4,5.2,7.2,5.1,5.2,5.2,1675.7,2274.8,"-","-","-",1738.9,199.0,1108.4,5.5,40.7,0.0,1.7,14.3,294.3,57.7,5.7,2.5,1178.2,"-",8.3,4.0,1.0
"2023-02-09T11:33:21+01:00",474.6,5.4,4.4,5.4,5.2,7.2,5.1,5.2,5.2,1685.3,2279.2,"-","-","-",1738.9,199.0,1108.4,5.5,40.7,0.0,1.7,14.3,294.3,57.7,5.7,2.5,1179.3,"-",8.3,4.0,1.0
"2023-02-09T11:34:50+01:00",474.5,5.4,4.4,5.4,5.2,7.2,5.1,5.2,5.2,1643.5,2319.8,"-","-","-",1738.9,199.0,1108.4,5.5,40.7,0.0,1.7,14.3,294.3,57.7,5.7,2.5,1178.3,"-",8.3,4.0,1.0
"2023-02-09T11:35:29+01:00",474.5,5.4,4.4,5.4,5.2,7.2,5.1,5.2,5.2,1643.6,2325.0,"-","-","-",1738.9,199.0,1108.4,5.5,40.7,0.0,1.7,14.3,294.3,57.7,5.7,2.5,1176.3,"-",8.3,4.0,1.0
"2023-02-09T11:36:19+01:00",474.6,5.4,4.4,5.4,5.2,7.2,5.1,5.2,5.2,1649.1,2329.4,"-","-","-",1738.9,199.0,1108.4,5.5,40.7,0.0,1.7,14.3,294.3,57.7,5.7,2.5,1197.1,"-",8.3,4.0,1.0
"2023-02-09T11:37:29+01:00",474.5,5.4,4.4,5.4,5.2,7.2,5.1,5.2,5.2,1655.7,2424.9,"-","-","-",1738.9,199.0,1108.4,5.5,40.7,0.0,1.7,14.3,294.3,57.7,5.7,2.5,1178.2,"-",8.3,4.0,1.0
"2023-02-09T11:38:14+01:00",474.6,5.4,4.4,5.4,5.2,7.2,5.1,5.2,5.2,1653.2,2402.0,"-","-","-",1741.4,199.0,1108.4,5.5,40.7,0.0,1.7,14.3,294.3,57.8,5.7,2.5,1179.3,"-",8.3,4.0,1.0
"2023-02-09T11:39:21+01:00",474.6,5.4,4.4,5.4,5.2,7.2,5.1,5.2,5.2,1652.2,2404.3,"-","-","-",1781.9,199.0,1108.4,5.5,40.7,0.0,1.7,14.3,294.3,58.5,5.7,2.5,1197.5,"-",8.3,4.0,1.0
"2023-02-09T11:40:50+01:00",474.5,5.4,4.4,5.4,5.2,7.2,5.1,5.2,5.2,1688.8,2416.1,"-","-","-",1781.9,199.0,1108.4,5.5,40.7,0.0,1.7,14.3,294.3,58.5,5.7,2.5,1181.3,"-",8.3,4.0,1.0
"2023-02-09T11:41:21+01:00",474.6,5.4,4.4,5.4,5.2,7.2,5.1,5.2,5.2,1749.7,2415.4,"-","-","-",1781.9,199.0,1108.4,5.5,40.7,0.0,1.7,14.3,294.3,58.5,5.7,2.5,1180.3,"-",8.3,4.0,1.0
"2023-02-09T11:42:19+01:00",474.6,5.4,4.4,5.4,5.2,7.2,5.1,5.2,5.2,1751.6,2417.4,"-","-","-",1781.9,199.0,1108.4,5.5,40.7,0.0,1.7,14.3,294.3,58.5,5.7,2.5,1183.6,"-",8.3,4.0,1.0
"2023-02-09T11:43:29+01:00",474.6,5.4,4.4,5.4,5.2,7.2,5.1,5.2,5.2,1640.5,2423.2,"-","-","-",1781.9,199.0,1108.4,5.5,40.7,0.0,1.7,14.3,294.3,58.5,5.7,2.5,1186.1,"-",8.3,4.0,1.0
"2023-02-09T11:44:29+01:00",474.5,5.4,4.4,5.4,5.2,7.2,5.1,5.2,5.2,1724.3,2430.1,"-","-","-",1781.9,199.0,1108.4,5.5,40.7,0.0,1.7,14.3,294.3,58.5,5.7,2.5,1185.9,"-",8.3,4.0,1.0
"2023-02-09T11:45:21+01:00",474.6,5.4,4.4,5.4,5.2,7.2,5.1,5.2,5.2,1729.8,2433.4,"-","-","-",1781.9,199.0,1108.4,5.5,40.7,0.0,1.7,14.3,294.3,58.5,5.7,2.5,1181.3,"-",8.3,4.0,1.0
"2023-02-09T11:46:21+01:00",474.6,5.4,4.4,5.4,5.2,7.2,5.1,5.2,5.2,1746.5,2351.6,"-","-","-",1781.9,199.0,1108.4,5.5,40.7,0.0,1.7,14.3,294.3,58.5,5.7,2.5,1184.4,"-",8.3,4.0,1.0
"2023-02-09T11:47:29+01:00",474.5,5.4,4.4,5.4,5.2,7.2,5.1,5.2,5.2,1728.7,2244.3,"-","-","-",1781.9,199.0,1108.4,5.5,40.7,0.0,1.7,14.3,294.3,58.5,5.7,2.5,1180.0,"-",8.3,4.0,1.0
"2023-02-09T11:48:21+01:00",474.5,5.4,4.4,5.4,5.2,7.2,5.1,5.2,5.2,1788.3,2253.2,"-","-","-",1797.2,199.0,1108.4,5.5,40.7,0.0,1.7,14.3,294.3,58.8,5.7,2.5,1206.0,"-",8.3,4.0,1.0
"2023-02-09T11:49:29+01:00",474.6,5.4,4.4,5.4,5.2,7.2,5.1,5.2,5.2,1754.6,2260.9,"-","-","-",1806.3,199.0,1108.4,5.5,40.7,0.0,1.7,14.3,294.3,59.3,5.7,2.5,1183.0,"-",8.3,4.0,1.0
"2023-02-09T11:50:29+01:00",474.6,5.4,4.4,5.4,5.2,7.2,5.1,5.2,5.2,1725.8,2265.2,"-","-","-",1806.3,199.0,1108.4,5.5,40.7,0.0,1.7,14.3,294.3,59.3,5.7,2.5,1181.6,"-",8.3,4.0,1.0
"2023-02-09T11:51:21+01:00",474.6,5.4,4.4,5.4,5.2,7.2,5.1,5.2,5.2,1784.9,2268.5,"-","-","-",1806.3,199.0,1108.4,5.5,40.7,0.0,1.7,14.3,294.3,59.3,5.7,2.5,1182.7,"-",8.3,4.0,1.0
"2023-02-09T11:52:50+01:00",474.6,5.4,4.4,5.4,5.2,7.2,5.1,5.2,5.2,1771.4,2277.2,"-","-","-",1806.3,199.0,1108.4,5.5,40.7,0.0,1.7,14.3,294.3,59.3,5.7,2.5,1183.0,"-",8.3,4.0,1.0
"2023-02-09T11:53:29+01:00",474.6,5.4,4.4,5.4,5.2,7.2,5.1,5.2,5.2,1796.4,2279.2,"-","-","-",1806.3,199.0,1108.4,5.5,40.7,0.0,1.7,14.3,294.3,59.3,5.7,2.5,1191.7,"-",8.3,4.0,1.0
"2023-02-09T11:54:21+01:00",474.6,5.4,4.4,5.4,5.2,7.2,5.1,5.2,5.2,1694.7,2284.8,"-","-","-",1806.3,199.0,1108.4,5.5,40.7,0.0,1.7,14.3,294.3,59.3,5.7,2.5,1190.3,"-",8.3,4.0,1.0
"2023-02-09T11:55:29+01:00",474.6,5.4,4.4,5.4,5.2,7.2,5.1,5.2,5.2,1671.5,2288.6,"-","-","-",1806.3,199.0,1108.4,5.5,40.7,0.0,1.7,14.3,294.3,59.3,5.7,2.5,1183.5,"-",8.3,4.0,1.0
"2023-02-09T11:56:21+01:00",474.6,5.4,4.4,5.4,5.2,7.2,5.1,5.2,5.2,1746.4,2292.2,"-","-","-",1806.3,199.0,1108.4,5.5,40.7,0.0,1.7,14.3,294.3,59.3,5.7,2.5,1182.9,"-",8.3,4.0,1.0
"2023-02-09T11:57:21+01:00",474.6,5.4,4.4,5.4,5.2,7.2,5.1,5.2,5.2,1756.2,2296.4,"-","-","-",1806.3,199.0,1108.4,5.5,40.7,0.0,1.7,14.3,294.3,59.3,5.7,2.5,1182.2,"-",8.3,4.0,1.0
"2023-02-09T11:58:50+01:00",474.5,5.4,4.4,5.4,5.2,7.2,5.1,5.2,5.2,1793.4,2304.7,"-","-","-",1857.7,199.0,1108.4,5.5,40.7,0.0,1.7,14.3,294.3,61.4,5.7,2.5,1184.1,"-",8.3,4.0,1.0
"2023-02-09T11:59:29+01:00",474.6,5.4,4.4,5.4,5.2,7.2,5.1,5.2,5.2,1793.1,2307.4,"-","-","-",1857.7,199.0,1108.4,5.5,40.7,0.0,1.7,14.3,294.3,61.3,5.7,2.5,1185.6,"-",8.3,4.0,1.0
"2023-02-09T12:00:21+01:00",474.6,5.4,4.4,5.4,5.2,7.2,5.1,5.2,5.2,1694.1,2310.4,"-","-","-",1857.7,199.0,1108.4,5.5,40.7,0.0,1.7,14.3,294.3,61.3,5.7,2.5,1183.8,"-",8.3,4.0,1.0
"2023-02-09T12:01:21+01:00",474.6,5.4,4.4,5.4,5.2,7.2,5.1,5.2,5.2,1779.0,2314.3,"-","-","-",1857.7,199.0,1108.4,5.5,40.7,0.0,1.7,14.3,294.3,61.3,5.7,2.5,1185.8,"-",8.3,4.0,1.0
"2023-02-09T12:02:29+01:00",474.6,5.4,4.4,5.4,5.2,7.2,5.1,5.2,5.2,1795.9,2318.8,"-","-","-",1857.7,199.0,1108.4,5.5,40.7,0.0,1.7,14.3,294.3,61.3,5.7,2.5,1210.6,"-",8.3,4.0,1.0
"2023-02-09T12:03:21+01:00",474.6,5.4,4.4,5.4,5.2,7.2,5.1,5.2,5.2,1656.3,2326.5,"-","-","-",1857.7,199.0,1108.4,5.5,40.7,0.0,1.7,14.3,294.3,61.3,5.7,2.5,1185.9,"-",8.3,4.0,1.0
"2023-02-09T12:04:50+01:00",474.6,5.4,4.4,5.4,5.2,7.2,5.1,5.2,5.2,1687.9,2331.9,"-","-","-",1857.7,199.0,1108.4,5.5,40.7,0.0,1.7,14.3,294.3,61.3,5.7,2.5,1185.2,"-",8.3,4.0,1.0
"2023-02-09T12:05:29+01:00",474.6,5.4,4.4,5.4,5.2,7.2,5.1,5.2,5.2,1760.6,2333.7,"-","-","-",1857.7,199.0,1108.4,5.5,40.7,0.0,1.7,14.3,294.3,61.3,5.7,2.5,1185.1,"-",8.3,4.0,1.0
"2023-02-09T12:06:21+01:00",474.6,5.4,4.4,5.4,5.2,7.2,5.1,5.2,5.2,1695.3,2337.2,"-","-","-",1857.7,199.0,1108.4,5.5,40.7,0.0,1.7,14.3,294.3,61.3,5.7,2.5,1186.8,"-",8.3,4.0,1.0
"2023-02-09T12:07:29+01:00",474.6,5.4,4.4,5.4,5.2,7.2,5.1,5.2,5.2,1761.3,2341.5,"-","-","-",1857.7,199.0,1108.4,5.5,40.7,0.0,1.7,14.3,294.3,61.3,5.7,2.5,1185.4,"-",8.3,4.0,1.0
"2023-02-09T12:08:29+01:00",474.6,5.4,4.4,5.4,5.2,7.2,5.1,5.2,5.2,1795.7,2383.5,"-","-","-",1871.1,199.0,1108.4,5.5,40.7,0.0,1.7,14.3,285.5,62.0,5.7,2.5,1189.8,"-",8.3,4.0,1.0
"2023-02-09T12:09:21+01:00",474.6,5.4,4.4,5.4,5.2,7.2,5.1,5.2,5.2,1706.1,2399.5,"-","-","-",1872.3,199.0,1108.4,5.5,40.7,0.0,1.7,14.3,347.7,62.3,5.7,2.5,1191.2,"-",8.3,4.0,1.0
"2023-02-09T12:10:50+01:00",474.6,5.4,4.4,5.4,5.2,7.2,5.1,5.2,5.2,1849.8,2400.8,"-","-","-",1872.2,199.0,1108.4,5.5,40.7,0.0,1.7,14.3,347.6,62.3,5.7,2.5,1184.5,"-",8.3,4.0,1.0
"2023-02-09T12:11:21+01:00",474.6,5.4,4.4,5.4,5.2,7.2,5.1,5.2,5.2,1761.8,2403.3,"-","-","-",1872.2,199.0,1108.4,5.5,40.7,0.0,1.7,14.3,347.6,62.3,5.7,2.5,1184.0,"-",8.3,4.0,1.0
"2023-02-09T12:12:21+01:00",474.6,5.4,4.4,5.4,5.2,7.2,5.1,5.2,5.2,1740.5,2405.9,"-","-","-",1872.2,199.0,1108.4,5.5,40.7,0.0,1.7,14.3,347.6,62.3,5.7,2.5,1184.1,"-",8.3,4.0,1.0
"2023-02-09T12:13:29+01:00",474.6,5.4,4.4,5.4,5.2,7.2,5.1,5.2,5.2,1756.9,2412.0,"-","-","-",1872.2,199.0,1108.4,5.5,40.7,0.0,1.7,14.3,347.6,62.3,5.7,2.5,1188.5,"-",8.3,4.0,1.0
"2023-02-09T12:14:17+01:00",474.6,5.4,4.4,5.4,5.2,7.2,5.1,5.2,5.2,1760.5,2367.7,"-","-","-",1872.2,199.0,1108.4,5.5,40.7,0.0,1.7,14.3,347.6,62.3,5.7,2.5,1187.1,"-",8.3,4.0,1.0
"2023-02-09T12:15:21+01:00",474.6,5.4,4.4,5.4,5.2,7.2,5.1,5.2,5.2,1783.8,2363.3,"-","-","-",1872.2,199.0,1108.4,5.5,40.7,0.0,1.7,14.3,347.6,62.3,5.7,2.5,1187.0,"-",8.3,4.0,1.0
"2023-02-09T12:16:21+01:00",474.6,5.4,4.4,5.4,5.2,7.2,5.1,5.2,5.2,1784.1,2363.7,"-","-","-",1872.2,199.0,1108.4,5.5,40.7,0.0,1.7,14.3,347.6,62.3,5.7,2.5,1187.7,"-",8.3,4.0,1.0
"2023-02-09T12:17:50+01:00",474.6,5.4,4.4,5.4,5.2,7.2,5.1,5.2,5.2,1784.0,2370.6,"-","-","-",1872.2,199.0,1108.4,5.5,40.7,0.0,1.7,14.3,347.6,62.3,5.7,2.5,1184.3,"-",8.3,4.0,1.0
"2023-02-09T12:18:21+01:00",474.6,5.4,4.4,5.4,5.2,7.2,5.1,5.2,5.2,1783.9,2370.5,"-","-","-",1872.5,199.0,1108.4,5.5,40.7,0.0,1.7,14.3,347.6,62.6,5.7,2.5,1191.2,"-",8.3,4.0,1.0
"2023-02-09T12:19:29+01:00",474.6,5.4,4.4,5.4,5.2,7.2,5.1,5.2,5.2,1784.2,2371.2,"-","-","-",1872.3,199.0,1108.4,5.5,40.7,0.0,1.7,14.3,347.6,63.2,5.7,2.5,1187.7,"-",8.3,4.0,1.0
"2023-02-09T12:20:29+01:00",474.6,5.4,4.4,5.4,5.2,7.2,5.1,5.2,5.2,1789.3,2375.0,"-","-","-",1872.3,199.0,1108.4,5.5,40.7,0.0,1.7,14.3,347.6,63.2,5.7,2.5,1184.8,"-",8.3,4.0,1.0
"2023-02-09T12:21:19+01:00",474.6,5.4,4.4,5.4,5.2,7.2,5.1,5.2,5.2,1792.3,2375.2,"-","-","-",1872.3,199.0,1108.4,5.5,40.7,0.0,1.7,14.3,347.6,63.2,5.7,2.5,1185.2,"-",8.3,4.0,1.0
"2023-02-09T12:22:29+01:00",474.6,5.4,4.4,5.4,5.2,7.2,5.1,5.2,5.2,1809.5,2377.1,"-","-","-",1872.3,199.0,1108.4,5.5,40.7,0.0,1.7,14.3,347.6,63.2,5.7,2.5,1186.3,"-",8.3,4.0,1.0
"2023-02-09T12:23:29+01:00",474.6,5.4,4.4,5.4,5.2,7.2,5.1,5.2,5.2,1820.7,2379.1,"-","-","-",1872.3,199.0,1108.4,5.5,40.7,0.0,1.7,14.3,347.6,63.2,5.7,2.5,1191.0,"-",8.3,4.0,1.0
"2023-02-09T12:24:21+01:00",474.6,5.4,4.4,5.4,5.2,7.2,5.1,5.2,5.2,1825.0,2382.2,"-","-","-",1872.3,199.0,1108.4,5.5,40.7,0.0,1.7,14.3,347.6,63.2,5.7,2.5,1188.9,"-",8.3,4.0,1.0
"2023-02-09T12:25:50+01:00",474.5,5.4,4.4,5.4,5.2,7.2,5.1,5.2,5.2,1857.0,2396.3,"-","-","-",1872.1,199.0,1108.4,5.5,40.7,0.0,1.7,14.3,347.6,63.2,5.7,2.5,1191.1,"-",8.3,4.0,1.0
"2023-02-09T12:26:21+01:00",474.6,5.4,4.4,5.4,5.2,7.2,5.1,5.2,5.2,1857.1,2396.4,"-","-","-",1872.1,199.0,1108.4,5.5,40.7,0.0,1.7,14.3,347.6,63.2,5.7,2.5,1189.5,"-",8.3,4.0,1.0
"2023-02-09T12:27:20+01:00",474.6,5.4,4.4,5.4,5.2,7.2,5.1,5.2,5.2,1863.3,2396.3,"-","-","-",1872.1,199.0,1108.4,5.5,40.7,0.0,1.7,14.3,347.6,63.2,5.7,2.5,1190.7,"-",8.3,4.0,1.0
"2023-02-09T12:28:29+01:00",474.6,5.4,4.4,5.4,5.2,7.2,5.1,5.2,5.2,1862.6,2398.6,"-","-","-",1872.2,199.0,1108.4,5.5,40.7,0.0,1.7,14.3,347.6,63.9,5.7,2.5,1193.2,"-",8.3,4.0,1.0
"2023-02-09T12:29:29+01:00",474.5,5.4,4.4,5.4,5.2,7.2,5.1,5.2,5.2,1862.9,2398.7,"-","-","-",1872.1,199.0,1108.4,5.5,40.7,0.0,1.7,14.3,347.6,64.1,5.7,2.5,1191.9,"-",8.3,4.0,1.0
"2023-02-09T12:30:21+01:00",474.6,5.4,4.4,5.4,5.2,7.2,5.1,5.2,5.2,1862.5,2398.4,"-","-","-",1872.1,199.0,1108.4,5.5,40.7,0.0,1.7,14.3,347.6,64.1,5.7,2.5,1193.6,"-",8.3,4.0,1.0
"2023-02-09T12:31:21+01:00",474.6,5.4,4.4,5.4,5.2,7.2,5.1,5.2,5.2,1862.8,2398.9,"-","-","-",1872.1,199.0,1108.4,5.5,40.7,0.0,1.7,14.3,347.6,64.1,5.7,2.5,1186.5,"-",8.3,4.0,1.0
"2023-02-09T12:32:29+01:00",474.6,5.4,4.4,5.4,5.2,7.2,5.1,5.2,5.2,1859.0,2399.5,"-","-","-",1872.1,199.0,1108.4,5.5,40.7,0.0,1.7,14.3,347.6,64.1,5.7,2.5,1188.0,"-",8.3,4.0,1.0
"2023-02-09T12:33:21+01:00",474.6,5.4,4.4,5.4,5.2,7.2,5.1,5.2,5.2,1857.6,2402.0,"-","-","-",1872.1,199.0,1108.4,5.5,40.7,0.0,1.7,14.3,347.6,64.1,5.7,2.5,1190.2,"-",8.3,4.0,1.0
"2023-02-09T12:34:29+01:00",474.6,5.4,4.4,5.4,5.2,7.2,5.1,5.2,5.2,1857.9,2403.2,"-","-","-",1872.1,199.0,1108.4,5.5,40.7,0.0,1.7,14.3,347.6,64.1,5.7,2.5,1186.0,"-",8.3,4.0,1.0
"2023-02-09T12:35:29+01:00",474.6,5.4,4.4,5.4,5.2,7.2,5.1,5.2,5.2,1858.3,2403.4,"-","-","-",1872.1,199.0,1108.4,5.5,40.7,0.0,1.7,14.3,347.6,64.1,5.7,2.5,1186.1,"-",8.3,4.0,1.0
"2023-02-09T12:36:21+01:00",474.6,5.4,4.4,5.4,5.2,7.2,5.1,5.2,5.2,1857.0,2403.5,"-","-","-",1872.1,199.0,1108.4,5.5,40.7,0.0,1.7,14.3,347.6,64.1,5.7,2.5,1186.4,"-",8.3,4.0,1.0
"2023-02-09T12:37:50+01:00",474.6,5.4,4.4,5.4,5.2,7.2,5.1,5.2,5.2,1862.7,2410.2,"-","-","-",1872.1,199.0,1108.4,5.5,40.7,0.0,1.7,14.3,347.6,64.1,5.7,2.5,1186.5,"-",8.3,4.0,1.0
"2023-02-09T12:38:29+01:00",474.6,5.4,4.4,5.4,5.2,7.2,5.1,5.2,5.2,1862.8,2409.6,"-","-","-",1872.4,199.0,1108.4,5.5,40.7,0.0,1.7,14.3,347.6,64.7,5.7,2.5,1189.6,"-",8.3,4.0,1.0
"2023-02-09T12:39:21+01:00",474.6,5.4,4.4,5.4,5.2,7.2,5.1,5.2,5.2,1863.1,2410.2,"-","-","-",1872.1,199.0,1108.4,5.5,40.7,0.0,1.7,14.3,347.6,65.0,5.7,2.5,1189.5,"-",8.3,4.0,1.0
"2023-02-09T12:40:29+01:00",474.6,5.4,4.4,5.4,5.2,7.2,5.1,5.2,5.2,1862.8,2410.4,"-","-","-",1872.1,199.0,1108.4,5.5,40.7,0.0,1.7,14.3,347.6,65.0,5.7,2.5,1187.1,"-",8.3,4.0,1.0
"2023-02-09T12:41:21+01:00",474.6,5.4,4.4,5.4,5.2,7.2,5.1,5.2,5.2,1863.1,2410.5,"-","-","-",1872.1,199.0,1108.4,5.5,40.7,0.0,1.7,14.3,347.6,65.0,5.7,2.5,1186.6,"-",8.3,4.0,1.0
"2023-02-09T12:42:21+01:00",474.6,5.4,4.4,5.4,5.2,7.2,5.1,5.2,5.2,1857.1,2407.2,"-","-","-",1872.1,199.0,1108.4,5.5,40.7,0.0,1.7,14.3,347.6,65.0,5.7,2.5,1187.7,"-",8.3,4.0,1.0
"2023-02-09T12:43:50+01:00",474.6,5.4,4.4,5.4,5.2,7.2,5.1,5.2,5.2,1856.1,2391.9,"-","-","-",1872.1,199.0,1108.4,5.5,40.7,0.0,1.7,14.3,347.6,65.0,5.7,2.5,1190.0,"-",8.3,4.0,1.0
"2023-02-09T12:44:29+01:00",474.6,5.4,4.4,5.4,5.2,7.2,5.1,5.2,5.2,1856.3,2489.5,"-","-","-",1872.1,199.0,1108.4,5.5,40.7,0.0,1.7,14.3,347.6,65.0,5.7,2.5,1189.9,"-",8.3,4.0,1.0
"2023-02-09T12:45:21+01:00",474.6,5.4,4.4,5.4,5.2,7.2,5.1,5.2,5.2,1855.8,2493.0,"-","-","-",1872.1,199.0,1108.4,5.5,40.7,0.0,1.7,14.3,347.6,65.0,5.7,2.5,1188.8,"-",8.3,4.0,1.0
"2023-02-09T12:46:21+01:00",474.6,5.4,4.4,5.4,5.2,7.2,5.1,5.2,5.2,1856.2,2496.6,"-","-","-",1872.1,199.0,1108.4,5.5,40.7,0.0,1.7,14.3,347.6,65.0,5.7,2.5,1187.0,"-",8.3,4.0,1.0
"2023-02-09T12:47:29+01:00",474.6,5.4,4.4,5.4,5.2,7.2,5.1,5.2,5.2,1863.2,2500.5,"-","-","-",1872.1,199.0,1108.4,5.5,40.7,0.0,1.7,14.3,347.6,65.0,5.7,2.5,1185.6,"-",8.3,4.0,1.0
"2023-02-09T12:48:21+01:00",474.6,5.4,4.4,5.4,5.2,7.2,5.1,5.2,5.2,1862.0,2506.1,"-","-","-",1872.2,199.0,1108.4,5.5,40.7,0.0,1.7,14.3,347.6,65.3,5.7,2.5,1192.4,"-",8.3,4.0,1.0
"2023-02-09T12:49:50+01:00",474.6,5.4,4.4,5.4,5.2,7.2,5.1,5.2,5.2,1862.6,2511.4,"-","-","-",1872.1,199.0,1108.4,5.5,40.7,0.0,1.7,14.3,347.6,65.9,5.7,2.5,1188.8,"-",8.3,4.0,1.0
"2023-02-09T12:50:29+01:00",474.6,5.4,4.4,5.4,5.2,7.2,5.1,5.2,5.2,1862.8,2513.9,"-","-","-",1872.1,199.0,1108.4,5.5,40.7,0.0,1.7,14.3,347.6,65.9,5.7,2.5,1187.8,"-",8.3,4.0,1.0
"2023-02-09T12:51:19+01:00",474.6,5.4,4.4,5.4,5.2,7.2,5.1,5.2,5.2,1862.3,2517.0,"-","-","-",1872.1,199.0,1108.4,5.5,40.7,0.0,1.7,14.3,347.6,65.9,5.7,2.5,1187.0,"-",8.3,4.0,1.0
"2023-02-09T12:52:29+01:00",474.6,5.4,4.4,5.4,5.2,7.2,5.1,5.2,5.2,1857.9,2520.8,"-","-","-",1872.1,199.0,1108.4,5.5,40.7,0.0,1.7,14.3,347.6,65.9,5.7,2.5,1192.3,"-",8.3,4.0,1.0
"2023-02-09T12:53:29+01:00",474.6,5.4,4.4,5.4,5.2,7.2,5.1,5.2,5.2,1857.0,2526.2,"-","-","-",1872.1,199.0,1108.4,5.5,40.7,0.0,1.7,14.3,347.6,65.9,5.7,2.5,1191.9,"-",8.3,4.0,1.0
"2023-02-09T12:54:20+01:00",474.6,5.4,4.4,5.4,5.2,7.2,5.1,5.2,5.2,1856.6,2529.6,"-","-","-",1872.1,199.0,1108.4,5.5,40.7,0.0,1.7,14.3,347.6,65.9,5.7,2.5,1189.6,"-",8.3,4.0,1.0
"2023-02-09T12:55:50+01:00",474.6,5.4,4.4,5.4,5.2,7.2,5.1,5.2,5.2,1857.2,2535.3,"-","-","-",1872.1,199.0,1108.4,5.5,40.7,0.0,1.7,14.3,347.6,65.9,5.7,2.5,1189.1,"-",8.3,4.0,1.0
"2023-02-09T12:56:21+01:00",474.6,5.4,4.4,5.4,5.2,7.2,5.1,5.2,5.2,1857.3,2537.0,"-","-","-",1872.1,199.0,1108.4,5.5,40.7,0.0,1.7,14.3,347.6,65.9,5.7,2.5,1185.4,"-",8.3,4.0,1.0
"2023-02-09T12:57:21+01:00",474.6,5.4,4.4,5.4,5.2,7.2,5.1,5.2,5.2,1865.1,2540.7,"-","-","-",1872.1,199.0,1108.4,5.5,40.7,0.0,1.7,14.3,347.6,65.9,5.7,2.5,1185.8,"-",8.3,4.0,1.0
"2023-02-09T12:58:29+01:00",474.6,5.4,4.4,5.4,5.2,7.2,5.1,5.2,5.2,1864.4,2546.1,"-","-","-",1872.3,199.0,1108.4,5.5,40.7,0.0,1.7,14.3,347.6,66.6,5.7,2.5,1189.5,"-",8.3,4.0,1.0
"2023-02-09T12:59:29+01:00",474.6,5.4,4.4,5.4,5.2,7.2,5.1,5.2,5.2,1864.8,2549.9,"-","-","-",1872.1,199.0,1108.4,5.5,40.7,0.0,1.7,14.3,347.6,66.7,5.7,2.5,1190.1,"-",8.3,4.0,1.0
"2023-02-09T13:00:21+01:00",474.6,5.4,4.4,5.4,5.2,7.2,5.1,5.2,5.2,1864.3,2553.1,"-","-","-",1872.1,199.0,1108.4,5.5,40.7,0.0,1.7,14.3,347.6,66.7,5.7,2.5,1187.6,"-",8.3,4.0,1.0
"2023-02-09T13:01:21+01:00",474.6,5.4,4.4,5.4,5.2,7.2,5.1,5.2,5.2,1855.5,2556.9,"-","-","-",1872.1,199.0,1108.4,5.5,40.7,0.0,1.7,14.3,347.6,66.7,5.7,2.5,1186.3,"-",8.3,4.0,1.0
"2023-02-09T13:02:29+01:00",474.6,5.4,4.4,5.4,5.2,7.2,5.1,5.2,5.2,1903.1,2600.1,"-","-","-",1880.6,199.0,1108.4,5.5,40.7,0.0,1.7,14.3,347.6,66.8,5.7,2.5,1196.7,"-",8.3,4.0,1.0
"2023-02-09T13:03:20+01:00",474.6,5.4,4.4,5.4,5.2,7.2,5.1,5.2,5.2,1852.9,2604.2,"-","-","-",1880.5,199.0,1108.4,5.5,40.7,0.0,1.7,14.3,347.6,66.8,5.7,2.5,1187.6,"-",8.3,4.0,1.0
"2023-02-09T13:04:29+01:00",474.6,5.4,4.4,5.4,5.2,7.2,5.1,5.2,5.2,1874.7,2608.3,"-",166.5,"-",1880.5,199.8,1108.4,5.5,40.7,0.0,1.7,14.3,347.6,66.8,5.7,2.5,1184.4,"-",8.3,4.0,1.0
"2023-02-09T13:05:29+01:00",474.6,5.4,4.4,5.4,5.2,7.2,5.1,5.2,5.2,1854.3,2612.2,"-",179.2,"-",1880.5,200.0,1108.4,5.5,40.7,0.0,1.7,14.3,347.6,66.8,5.7,2.5,1195.7,"-",8.3,4.0,1.0
"2023-02-09T13:06:21+01:00",474.6,5.4,4.4,5.4,5.2,7.2,5.1,5.2,5.2,1854.3,2614.7,"-",181.0,"-",1880.5,200.3,1108.4,5.5,40.7,0.0,1.7,14.3,347.6,66.8,5.7,2.5,1192.8,"-",8.3,4.0,1.0
"2023-02-09T13:07:32+01:00",474.6,5.4,4.4,5.4,5.2,7.2,5.1,5.2,5.2,1858.7,2655.9,"-",180.5,"-",1880.5,194.6,1108.4,5.5,40.7,0.0,1.7,14.3,347.6,66.8,5.7,2.5,1192.4,"-",8.3,4.0,1.0
"2023-02-09T13:08:29+01:00",474.6,5.4,4.4,5.4,5.2,7.2,5.1,5.2,5.2,1858.1,2693.6,"-",181.3,"-",1881.3,194.6,1108.4,5.5,40.7,0.0,1.7,14.3,347.7,70.5,5.7,2.5,1191.7,"-",8.3,4.0,1.0
"2023-02-09T13:09:19+01:00",474.6,5.4,4.4,5.4,5.2,7.2,5.1,5.2,5.2,1857.6,2691.2,"-",181.9,"-",1881.2,194.6,1108.4,5.5,40.7,0.0,1.7,14.3,347.7,70.7,5.7,2.5,1190.7,"-",8.3,4.0,1.0
"2023-02-09T13:10:29+01:00",474.6,5.4,4.4,5.4,5.2,7.2,5.1,5.2,5.2,1857.2,2635.4,"-",184.0,"-",1881.2,194.6,1108.4,5.5,40.7,0.0,1.7,14.3,347.7,70.7,5.7,2.5,1188.0,"-",8.3,4.0,1.0
"2023-02-09T13:11:16+01:00",474.6,5.4,4.4,5.4,5.2,7.2,5.1,5.2,5.2,1857.7,2638.4,"-",184.7,"-",1881.2,194.6,1108.4,5.5,40.7,0.0,1.7,14.3,347.7,70.7,5.7,2.5,1186.3,"-",8.3,4.0,1.0
"2023-02-09T13:12:21+01:00",474.6,5.4,4.4,5.4,5.2,7.2,5.1,5.2,5.2,1877.4,2670.1,"-",184.7,"-",1881.2,194.6,1108.4,5.5,40.7,0.0,1.7,14.3,356.8,70.7,5.7,2.3,1186.1,"-",8.3,4.0,1.0
"2023-02-09T13:13:50+01:00",474.6,5.4,4.4,5.4,5.2,7.2,5.1,5.2,5.2,1859.5,2581.3,"-",188.9,"-",1881.2,194.6,1108.4,5.5,40.7,0.0,1.7,14.3,360.9,70.7,5.7,2.5,1188.4,"-",8.3,4.0,1.0
"2023-02-09T13:14:29+01:00",474.6,5.4,4.4,5.4,5.2,7.2,5.1,5.2,5.2,1924.2,2617.6,"-",188.9,"-",1881.2,194.6,1108.4,5.5,40.7,0.0,1.7,14.3,360.9,70.7,5.7,2.5,1189.4,"-",8.3,4.0,1.0
"2023-02-09T13:15:21+01:00",474.6,5.4,4.4,5.4,5.2,7.2,5.1,5.2,5.2,1874.2,2620.4,"-",206.0,"-",1881.2,194.6,1108.4,5.5,40.7,0.0,1.7,14.3,361.8,70.7,5.7,2.5,1188.4,"-",8.3,4.0,1.0
"2023-02-09T13:16:08+01:00",474.6,5.4,4.4,5.4,5.2,7.2,5.1,5.2,5.2,1900.8,2622.2,"-","-",173.8,1881.2,203.3,1108.4,5.5,40.7,0.0,1.7,14.3,361.8,70.7,5.7,2.5,1186.5,"-",8.3,4.0,1.0
"2023-02-09T13:17:29+01:00",474.6,5.4,4.4,5.4,5.2,7.2,5.1,5.2,5.2,1870.6,2631.0,"-","-",174.1,1881.2,203.3,1108.2,5.5,40.7,0.0,1.7,14.3,361.8,70.7,5.7,2.5,1190.6,"-",8.3,4.0,1.0
"2023-02-09T13:18:21+01:00",474.6,5.4,4.4,5.4,5.2,7.2,5.1,5.2,5.2,1869.0,2636.1,"-","-",174.1,1889.3,203.3,1108.5,5.5,40.7,0.0,1.7,14.3,361.8,71.0,5.7,2.5,1194.3,"-",8.3,4.0,1.0
"2023-02-09T13:19:32+01:00",474.6,5.4,4.4,5.4,5.2,7.2,5.1,5.2,5.2,1869.1,2640.3,"-","-",174.1,1884.5,195.4,1109.1,5.5,40.7,0.0,1.7,14.3,361.8,71.5,5.7,2.5,1191.1,"-",8.3,4.0,1.0
"2023-02-09T13:20:29+01:00",474.6,5.4,4.4,5.4,5.2,7.2,5.1,5.2,5.2,1869.3,2643.9,"-","-",174.1,1884.5,195.4,1109.1,5.5,40.7,0.0,1.7,14.3,361.8,71.5,5.7,2.5,1191.3,"-",8.3,4.0,1.0
"2023-02-09T13:21:21+01:00",474.6,5.4,4.4,5.4,5.2,7.2,5.1,5.2,5.2,1869.4,2647.2,"-","-",174.1,1884.5,195.4,1109.1,5.5,40.7,0.0,1.7,14.3,361.8,71.5,5.7,2.5,1190.2,"-",8.3,4.0,1.0
"2023-02-09T13:22:29+01:00",474.6,5.4,4.4,5.4,5.2,7.2,5.1,5.2,5.2,1871.8,2654.3,"-","-",174.1,1884.5,195.4,1109.3,5.5,40.7,0.0,1.7,14.3,361.8,71.5,5.7,2.5,1193.2,"-",8.3,4.0,1.0
"2023-02-09T13:23:29+01:00",474.6,5.4,4.4,5.4,5.2,7.2,5.1,5.2,5.2,1870.7,2687.4,"-","-",174.9,1884.5,195.4,1109.3,5.5,40.7,0.0,1.7,14.3,361.8,71.5,5.7,2.5,1188.3,"-",8.3,4.0,1.0
"2023-02-09T13:24:21+01:00",474.6,5.4,4.4,5.4,5.2,7.2,5.1,5.2,5.2,1870.0,2694.5,"-","-",174.9,1884.5,195.4,1109.3,5.5,40.7,0.0,1.7,14.3,361.8,71.5,5.7,2.5,1190.8,"-",8.3,4.0,1.0
"2023-02-09T13:25:50+01:00",474.6,5.4,4.4,5.4,5.2,7.2,5.1,5.2,5.2,1869.3,2734.3,"-","-",174.9,1884.5,195.4,1109.3,5.5,40.7,0.0,1.7,14.3,361.8,71.5,5.7,2.5,1186.2,"-",8.3,4.0,1.0
"2023-02-09T13:26:21+01:00",474.6,5.4,4.4,5.4,5.2,7.2,5.1,5.2,5.2,1900.8,2551.9,"-","-",176.2,1884.5,195.4,1109.3,5.5,40.7,0.0,1.7,14.3,361.8,71.5,5.7,2.5,1187.4,"-",8.3,4.0,1.0
"2023-02-09T13:27:21+01:00",474.6,5.4,4.4,5.4,5.2,7.2,5.1,5.2,5.2,1936.2,2596.1,"-","-",176.2,1884.6,195.4,1109.3,5.5,40.7,0.0,1.7,14.3,361.8,71.5,5.7,2.5,1187.7,"-",8.3,4.0,1.0
"2023-02-09T13:28:29+01:00",474.6,5.4,4.4,5.4,5.2,7.2,5.1,5.2,5.2,1916.2,2652.8,"-","-",176.2,1902.4,195.4,1109.3,5.5,40.7,0.0,1.7,14.3,361.8,72.1,5.7,2.5,1193.1,"-",8.3,4.0,1.0
"2023-02-09T13:29:29+01:00",474.6,5.4,4.4,5.4,5.2,7.2,5.1,5.2,5.2,1985.0,2654.7,"-","-",176.2,1910.5,195.4,1109.3,5.5,40.7,0.0,1.7,14.3,361.8,72.3,5.7,2.5,1188.2,"-",8.3,4.0,1.0
"2023-02-09T13:30:21+01:00",474.6,5.4,4.4,5.4,5.2,7.2,5.1,5.2,5.2,1966.0,2652.8,"-","-",176.2,1910.5,195.4,1109.3,5.5,40.7,0.0,1.7,14.3,361.8,72.3,5.7,2.5,1195.5,"-",8.3,4.0,1.0
"2023-02-09T13:31:21+01:00",474.6,5.4,4.4,5.4,5.2,7.2,5.1,5.2,5.2,1945.2,2657.9,"-","-",176.2,1910.5,195.4,1109.3,5.5,40.7,0.0,1.7,14.3,361.8,72.3,5.7,2.5,1193.5,"-",8.3,4.0,1.0
"2023-02-09T13:32:29+01:00",474.6,5.4,4.4,5.4,5.2,7.2,5.1,5.2,5.2,1991.7,2671.2,"-","-",176.2,1910.5,195.4,1109.3,5.5,40.7,0.0,1.7,14.3,361.8,72.3,5.7,2.5,1192.5,"-",8.4,4.0,1.0
"2023-02-09T13:33:21+01:00",474.6,5.4,4.4,5.4,5.2,7.2,5.1,5.2,5.2,1969.9,2534.7,"-","-",176.2,1910.5,195.5,1109.3,5.5,40.7,0.0,1.7,14.3,361.8,72.3,5.7,2.5,1191.9,"-",8.3,4.0,1.0
"2023-02-09T13:34:29+01:00",474.6,5.4,4.4,5.4,5.2,7.2,5.1,5.2,5.2,1959.3,2541.1,"-","-",176.2,1910.5,195.5,1109.3,5.5,40.7,0.0,1.7,14.3,361.8,72.3,5.7,2.5,1189.8,"-",8.3,4.0,1.0
"2023-02-09T13:35:29+01:00",474.6,5.4,4.4,5.4,5.2,7.2,5.1,5.2,5.2,1940.0,2550.3,"-","-",176.2,1910.5,195.5,1109.3,5.5,40.7,0.0,1.7,14.3,361.8,72.3,5.7,2.5,1189.4,"-",8.4,4.0,1.0
"2023-02-09T13:36:19+01:00",474.6,5.4,4.4,5.4,5.2,7.2,5.1,5.2,5.2,1967.4,2551.5,"-","-",176.2,1910.5,195.5,1109.3,5.5,40.7,0.0,1.7,14.3,361.8,72.3,5.7,2.5,1186.2,"-",8.4,4.0,1.0
"2023-02-09T13:37:50+01:00",474.6,5.4,4.4,5.4,5.2,7.2,5.1,5.2,5.2,1992.6,2567.6,"-","-",176.2,1910.5,195.5,1109.3,5.5,40.7,0.0,1.7,14.3,361.8,72.3,5.7,2.5,1188.8,"-",8.4,4.0,1.0
"2023-02-09T13:38:29+01:00",474.6,5.4,4.4,5.4,5.2,7.2,5.1,5.2,5.2,1974.6,2572.3,"-","-",176.2,1910.8,195.5,1109.3,5.5,40.7,0.0,1.7,14.3,361.8,72.9,5.7,2.5,1191.3,"-",8.3,4.0,1.0
"2023-02-09T13:39:21+01:00",474.6,5.4,4.4,5.4,5.2,7.2,5.1,5.2,5.2,1991.9,2574.0,"-","-",176.2,1918.6,195.5,1109.3,5.5,40.7,0.0,1.7,14.3,361.8,73.0,5.7,2.5,1188.2,"-",8.4,4.0,1.0
"2023-02-09T13:40:29+01:00",474.6,5.4,4.4,5.4,5.2,7.2,5.1,5.2,5.2,1938.9,2565.3,"-","-",176.2,1918.6,195.5,1109.3,5.5,40.7,0.0,1.7,14.3,361.8,73.0,5.7,2.5,1189.4,"-",8.3,4.0,1.0
